{
  "content": [
    {
      "path": "contentinfo/fragtality-commbus-module/thumbnail.jpg",
      "size": 26143,
      "date": 133936925420000000
    },
    {
      "path": "html_ui/efb_ui/efb_apps/any2gsxapp/any2gsxapp.css",
      "size": 2541,
      "date": 134040695280000000
    },
    {
      "path": "html_ui/efb_ui/efb_apps/any2gsxapp/any2gsxapp.js",
      "size": 139418,
      "date": 134040695280000000
    },
    {
      "path": "html_ui/efb_ui/efb_apps/any2gsxapp/assets/app-icon.png",
      "size": 5312,
      "date": 134040695280000000
    },
    {
      "path": "modules/fragtality-commbus-module.wasm",
      "size": 391986,
      "date": 134040695300000000
    }
  ]
}