{
  "content": [
    {
      "path": "ContentInfo/fragtality-commbus-module/Thumbnail.jpg",
      "size": 26143,
      "date": 133936925425855964
    },
    {
      "path": "html_ui/Icons/toolbar/ANY2GSX_COMMBUS_ICON.svg",
      "size": 506,
      "date": 133914617213299170
    },
    {
      "path": "html_ui/InGamePanels/Any2GSX-Panel/index.html",
      "size": 926,
      "date": 133914621419962952
    },
    {
      "path": "html_ui/InGamePanels/Any2GSX-Panel/panel_code.js",
      "size": 437,
      "date": 133914622175884026
    },
    {
      "path": "html_ui/InGamePanels/Any2GSX-Panel/toolbar_code.js",
      "size": 4400,
      "date": 133938944522907539
    },
    {
      "path": "html_ui/Pages/ToolBar/toolbar_interop.js",
      "size": 4773,
      "date": 133742447670000000
    },
    {
      "path": "InGamePanels/fragtality-commbus-module.spb",
      "size": 468,
      "date": 134095896567979180
    },
    {
      "path": "modules/fragtality-commbus-module.wasm",
      "size": 391986,
      "date": 134095896486116774
    }
  ]
}